"taxon_ID","trait_ID","trait_value","agreement","references","taxon_name","taxon_author","taxon_lvl","link_source"
81,"3.3.1","zoochorous",1,"10327","Amborellaceae","Pichon","family","APG_IV"
81,"3.3.2","endozoochorous",1,"10327","Amborellaceae","Pichon","family","APG_IV"
82,"3.6.1","abiotic",1,"10327","Hydatellaceae","U.Hamann","family","APG_IV"
84,"3.3.1","zoochorous",1,"10327","Nymphaeaceae","Salisb.","family","APG_IV"
84,"3.3.2","endozoochorous",1,"10327","Nymphaeaceae","Salisb.","family","APG_IV"
85,"3.3.1","zoochorous",1,"10327","Austrobaileyaceae","Croizat","family","APG_IV"
85,"3.3.2","endozoochorous",1,"10327","Austrobaileyaceae","Croizat","family","APG_IV"
85,"3.6.1","biotic",1,"10327","Austrobaileyaceae","Croizat","family","APG_IV"
86,"3.3.1","zoochorous",1,"10327","Trimeniaceae","Gibbs","family","APG_IV"
86,"3.3.2","endozoochorous",1,"10327","Trimeniaceae","Gibbs","family","APG_IV"
86,"3.6.1","abiotic",1,"10327","Trimeniaceae","Gibbs","family","APG_IV"
87,"3.6.1","biotic",1,"10327","Schisandraceae","Blume","family","APG_IV"
88,"3.3.1","zoochorous",1,"10327","Canellaceae","Mart.","family","APG_IV"
88,"3.3.2","endozoochorous",1,"10327","Canellaceae","Mart.","family","APG_IV"
89,"3.6.1","biotic",1,"10327","Winteraceae","R.Br. ex Lindl.","family","APG_IV"
90,"3.6.1","biotic",1,"10327","Saururaceae","Rich. ex T.Lestib.","family","APG_IV"
93,"3.6.1","biotic",1,"10327","Myristicaceae","R.Br.","family","APG_IV"
94,"3.6.1","biotic",1,"10327","Magnoliaceae","Juss.","family","APG_IV"
95,"3.6.1","biotic",1,"10327","Degeneriaceae","I.W.Bailey & A.C.Sm.","family","APG_IV"
96,"3.3.1","zoochorous",1,"10327","Himantandraceae","Diels","family","APG_IV"
96,"3.3.2","endozoochorous",1,"10327","Himantandraceae","Diels","family","APG_IV"
96,"3.6.1","biotic",1,"10327","Himantandraceae","Diels","family","APG_IV"
97,"3.3.1","zoochorous",1,"10327","Eupomatiaceae","Orb.","family","APG_IV"
97,"3.3.2","endozoochorous",1,"10327","Eupomatiaceae","Orb.","family","APG_IV"
97,"3.6.1","biotic",1,"10327","Eupomatiaceae","Orb.","family","APG_IV"
98,"3.6.1","biotic",1,"10327","Annonaceae","Juss.","family","APG_IV"
99,"3.6.1","biotic",1,"10327","Calycanthaceae","Lindl.","family","APG_IV"
100,"3.3.1","zoochorous",1,"10327","Siparunaceae","Schodde","family","APG_IV"
100,"3.3.2","endozoochorous",1,"10327","Siparunaceae","Schodde","family","APG_IV"
100,"3.6.1","biotic",1,"10327","Siparunaceae","Schodde","family","APG_IV"
101,"3.3.1","zoochorous",1,"10327","Gomortegaceae","Reiche","family","APG_IV"
101,"3.3.2","endozoochorous",1,"10327","Gomortegaceae","Reiche","family","APG_IV"
102,"3.3.1","anemochorous",1,"10327","Atherospermataceae","R.Br.","family","APG_IV"
102,"3.3.2","anemochorous",1,"10327","Atherospermataceae","R.Br.","family","APG_IV"
104,"3.3.1","zoochorous",1,"10327","Monimiaceae","Juss.","family","APG_IV"
104,"3.3.2","endozoochorous",1,"10327","Monimiaceae","Juss.","family","APG_IV"
106,"3.3.1","zoochorous",1,"10327","Chloranthaceae","R.Br. ex Sims","family","APG_IV"
106,"3.3.2","endozoochorous",1,"10327","Chloranthaceae","R.Br. ex Sims","family","APG_IV"
107,"3.3.2",NA,0.5,"10327","Acoraceae","Martinov","family","APG_IV"
111,"3.3.1","anemochorous",1,"10327","Butomaceae","Mirb.","family","APG_IV"
111,"3.3.2","anemochorous",1,"10327","Butomaceae","Mirb.","family","APG_IV"
111,"3.6.1","biotic",1,"10327","Butomaceae","Mirb.","family","APG_IV"
113,"3.6.1","abiotic",1,"10327","Scheuchzeriaceae","F.Rudolphi","family","APG_IV"
114,"3.3.1","zoochorous",1,"10327","Aponogetonaceae","Planch.","family","APG_IV"
114,"3.3.2","epizoochorous",1,"10327","Aponogetonaceae","Planch.","family","APG_IV"
114,"3.6.1","biotic",1,"10327","Aponogetonaceae","Planch.","family","APG_IV"
115,"3.6.1","abiotic",1,"10327","Juncaginaceae","Rich.","family","APG_IV"
117,"3.3.1","hydrochorous",1,"10327","Zosteraceae","Dumort.","family","APG_IV"
117,"3.3.2","hydrochorous",1,"10327","Zosteraceae","Dumort.","family","APG_IV"
117,"3.6.1","abiotic",1,"10327","Zosteraceae","Dumort.","family","APG_IV"
118,"3.3.1","hydrochorous",1,"10327","Potamogetonaceae","Bercht. & J.Presl","family","APG_IV"
118,"3.3.2","hydrochorous",1,"10327","Potamogetonaceae","Bercht. & J.Presl","family","APG_IV"
118,"3.6.1","abiotic",1,"10327","Potamogetonaceae","Bercht. & J.Presl","family","APG_IV"
119,"3.3.1","hydrochorous",1,"10327","Posidoniaceae","Vines","family","APG_IV"
119,"3.3.2","hydrochorous",1,"10327","Posidoniaceae","Vines","family","APG_IV"
119,"3.6.1","abiotic",1,"10327","Posidoniaceae","Vines","family","APG_IV"
120,"3.6.1","abiotic",1,"10327","Ruppiaceae","Horan.","family","APG_IV"
121,"3.6.1","abiotic",1,"10327","Cymodoceaceae","Vines","family","APG_IV"
123,"3.6.1","biotic",1,"10327","Nartheciaceae","Fr. ex Bjurzon","family","APG_IV"
124,"3.6.1","biotic",1,"10327","Burmanniaceae","Blume","family","APG_IV"
125,"3.6.1","biotic",1,"10327","Dioscoreaceae","R.Br.","family","APG_IV"
126,"3.6.1","biotic",1,"10327","Triuridaceae","Gardner","family","APG_IV"
127,"3.6.1","biotic",1,"10327","Velloziaceae","J.Agardh","family","APG_IV"
128,"3.6.1","biotic",1,"10327","Stemonaceae","Caruel","family","APG_IV"
129,"3.6.1","biotic",1,"10327","Cyclanthaceae","Poit. ex A.Rich.","family","APG_IV"
132,"3.3.1","anemochorous",1,"10327","Corsiaceae","Becc.","family","APG_IV"
132,"3.3.2","anemochorous",1,"10327","Corsiaceae","Becc.","family","APG_IV"
132,"3.6.1","biotic",1,"10327","Corsiaceae","Becc.","family","APG_IV"
133,"3.6.1","biotic",1,"10327","Melanthiaceae","Batsch ex Borkh.","family","APG_IV"
134,"3.3.1","zoochorous",1,"10327","Petermanniaceae","Hutch","family","APG_IV"
134,"3.3.2","endozoochorous",1,"10327","Petermanniaceae","Hutch","family","APG_IV"
134,"3.6.1","biotic",1,"10327","Petermanniaceae","Hutch","family","APG_IV"
135,"3.6.1","biotic",1,"10327","Alstroemeriaceae","Dumort.","family","APG_IV"
136,"3.6.1","biotic",1,"10327","Colchicaceae","DC.","family","APG_IV"
137,"3.3.1","zoochorous",1,"10327","Philesiaceae","Dumort.","family","APG_IV"
137,"3.3.2","endozoochorous",1,"10327","Philesiaceae","Dumort.","family","APG_IV"
137,"3.6.1","biotic",1,"10327","Philesiaceae","Dumort.","family","APG_IV"
138,"3.3.1","zoochorous",1,"10327","Ripogonaceae","Conran & Clifford","family","APG_IV"
138,"3.3.2","endozoochorous",1,"10327","Ripogonaceae","Conran & Clifford","family","APG_IV"
139,"3.3.1","zoochorous",1,"10327","Smilacaceae","Vent.","family","APG_IV"
139,"3.3.2","endozoochorous",1,"10327","Smilacaceae","Vent.","family","APG_IV"
139,"3.6.1","biotic",1,"10327","Smilacaceae","Vent.","family","APG_IV"
140,"3.6.1","biotic",1,"10327","Liliaceae","Juss.","family","APG_IV"
141,"3.6.1","biotic",1,"10327","Orchidaceae","Juss.","family","APG_IV"
142,"3.6.1","biotic",1,"10327","Boryaceae","M.W.Chase et al .","family","APG_IV"
143,"3.6.1","biotic",1,"10327","Blandfordiaceae","R.Dahlgren & Clifford","family","APG_IV"
144,"3.6.1","biotic",1,"10327","Asteliaceae","Dumort.","family","APG_IV"
145,"3.6.1","biotic",1,"10327","Lanariaceae","H.Huber ex R.Dahlgren","family","APG_IV"
146,"3.6.1","biotic",1,"10327","Hypoxidaceae","R.Br.","family","APG_IV"
147,"3.6.1","biotic",1,"10327","Doryanthaceae","R.Dahlgren & Clifford","family","APG_IV"
148,"3.6.1","biotic",1,"10327","Ixioliriaceae","Nakai","family","APG_IV"
149,"3.6.1","biotic",1,"10327","Tecophilaeaceae","Leyb.","family","APG_IV"
151,"3.6.1","biotic",1,"10327","Xeronemataceae","M.W.Chase et al.","family","APG_IV"
153,"3.6.1","biotic",1,"10327","Amaryllidaceae","J.St.-Hil.","family","APG_IV"
154,"3.6.1","biotic",1,"10327","Asparagaceae","Juss.","family","APG_IV"
155,"3.6.1","biotic",1,"10327","Dasypogonaceae","Dumort.","family","APG_IV"
157,"3.3.1","zoochorous",1,"10327","Hanguanaceae","Airy Shaw","family","APG_IV"
157,"3.3.2","endozoochorous",1,"10327","Hanguanaceae","Airy Shaw","family","APG_IV"
157,"3.6.1","biotic",1,"10327","Hanguanaceae","Airy Shaw","family","APG_IV"
159,"3.6.1","biotic",1,"10327","Philydraceae","Link","family","APG_IV"
160,"3.6.1","biotic",1,"10327","Pontederiaceae","Kunth","family","APG_IV"
161,"3.6.1","biotic",1,"10327","Haemodoraceae","R.Br.","family","APG_IV"
162,"3.3.1","zoochorous",1,"10327","Strelitziaceae","Hutch.","family","APG_IV"
162,"3.3.2","endozoochorous",1,"10327","Strelitziaceae","Hutch.","family","APG_IV"
162,"3.6.1","biotic",1,"10327","Strelitziaceae","Hutch.","family","APG_IV"
163,"3.6.1","biotic",1,"10327","Lowiaceae","Ridl.","family","APG_IV"
164,"3.3.1","zoochorous",1,"10327","Heliconiaceae","Vines","family","APG_IV"
164,"3.3.2","endozoochorous",1,"10327","Heliconiaceae","Vines","family","APG_IV"
164,"3.6.1","biotic",1,"10327","Heliconiaceae","Vines","family","APG_IV"
165,"3.3.1","zoochorous",1,"10327","Musaceae","Juss.","family","APG_IV"
165,"3.3.2","endozoochorous",1,"10327","Musaceae","Juss.","family","APG_IV"
165,"3.6.1","biotic",1,"10327","Musaceae","Juss.","family","APG_IV"
166,"3.6.1","biotic",1,"10327","Cannaceae","Juss.","family","APG_IV"
167,"3.6.1","biotic",1,"10327","Marantaceae","R.Br.","family","APG_IV"
168,"3.6.1","biotic",1,"10327","Costaceae","Nakai","family","APG_IV"
169,"3.6.1","biotic",1,"10327","Zingiberaceae","Martinov","family","APG_IV"
170,"3.6.1","abiotic",1,"10327","Typhaceae","Juss.","family","APG_IV"
172,"3.6.1","biotic",1,"10327","Rapateaceae","Dumort.","family","APG_IV"
173,"3.6.1","biotic",1,"10327","Xyridaceae","C.Agardh","family","APG_IV"
175,"3.3.1","hydrochorous",1,"10327","Mayacaceae","Kunth","family","APG_IV"
175,"3.3.2","hydrochorous",1,"10327","Mayacaceae","Kunth","family","APG_IV"
176,"3.6.1","abiotic",1,"10327","Thurniaceae","Engl.","family","APG_IV"
180,"3.3.1","zoochorous",1,"10327","Flagellariaceae","Dumort.","family","APG_IV"
180,"3.3.2","endozoochorous",1,"10327","Flagellariaceae","Dumort.","family","APG_IV"
180,"3.6.1","abiotic",1,"10327","Flagellariaceae","Dumort.","family","APG_IV"
181,"3.3.1","zoochorous",1,"10327","Joinvilleaceae","Toml. & A.C.Sm.","family","APG_IV"
181,"3.3.2","endozoochorous",1,"10327","Joinvilleaceae","Toml. & A.C.Sm.","family","APG_IV"
181,"3.6.1","abiotic",1,"10327","Joinvilleaceae","Toml. & A.C.Sm.","family","APG_IV"
182,"3.6.1","abiotic",1,"10327","Ecdeiocoleaceae","D.W.Cutler & Airy Shaw","family","APG_IV"
184,"3.6.1","abiotic",1,"10327","Ceratophyllaceae","Gray","family","APG_IV"
185,"3.3.1","anemochorous",1,"10327","Eupteleaceae","K.Wilh.","family","APG_IV"
185,"3.3.2","anemochorous",1,"10327","Eupteleaceae","K.Wilh.","family","APG_IV"
185,"3.6.1","abiotic",1,"10327","Eupteleaceae","K.Wilh.","family","APG_IV"
187,"3.6.1","biotic",1,"10327","Circaeasteraceae","Hutch.","family","APG_IV"
188,"3.3.1","zoochorous",1,"10327","Lardizabalaceae","R.Br.","family","APG_IV"
188,"3.3.2","endozoochorous",1,"10327","Lardizabalaceae","R.Br.","family","APG_IV"
188,"3.6.1","biotic",1,"10327","Lardizabalaceae","R.Br.","family","APG_IV"
189,"3.6.1","biotic",1,"10327","Menispermaceae","Juss.","family","APG_IV"
190,"3.6.1","biotic",1,"10327","Berberidaceae","Juss.","family","APG_IV"
193,"3.3.1","hydrochorous",1,"10327","Nelumbonaceae","A.Rich.","family","APG_IV"
193,"3.3.2","hydrochorous",1,"10327","Nelumbonaceae","A.Rich.","family","APG_IV"
193,"3.6.1","biotic",1,"10327","Nelumbonaceae","A.Rich.","family","APG_IV"
194,"3.3.1","anemochorous",1,"10327","Platanaceae","T.Lestib.","family","APG_IV"
194,"3.3.2","anemochorous",1,"10327","Platanaceae","T.Lestib.","family","APG_IV"
194,"3.6.1","abiotic",1,"10327","Platanaceae","T.Lestib.","family","APG_IV"
195,"3.6.1","biotic",1,"10327","Proteaceae","Juss.","family","APG_IV"
198,"3.3.1","anemochorous",1,"10327","Myrothamnaceae","Nied.","family","APG_IV"
198,"3.3.2","anemochorous",1,"10327","Myrothamnaceae","Nied.","family","APG_IV"
198,"3.6.1","abiotic",1,"10327","Myrothamnaceae","Nied.","family","APG_IV"
199,"3.6.1","abiotic",1,"10327","Gunneraceae","Meisn.","family","APG_IV"
200,"3.6.1","biotic",1,"10327","Dilleniaceae","Salisb.","family","APG_IV"
202,"3.3.1","zoochorous",1,"10327","Paeoniaceae","Raf.","family","APG_IV"
202,"3.3.2","endozoochorous",1,"10327","Paeoniaceae","Raf.","family","APG_IV"
202,"3.6.1","biotic",1,"10327","Paeoniaceae","Raf.","family","APG_IV"
203,"3.3.1","anemochorous",1,"10327","Altingiaceae","Lindl.","family","APG_IV"
203,"3.3.2","anemochorous",1,"10327","Altingiaceae","Lindl.","family","APG_IV"
205,"3.3.1","anemochorous",1,"10327","Cercidiphyllaceae","Engl.","family","APG_IV"
205,"3.3.2","anemochorous",1,"10327","Cercidiphyllaceae","Engl.","family","APG_IV"
205,"3.6.1","abiotic",1,"10327","Cercidiphyllaceae","Engl.","family","APG_IV"
206,"3.3.1","zoochorous",1,"10327","Daphniphyllaceae","Muell.Arg.","family","APG_IV"
206,"3.3.2","endozoochorous",1,"10327","Daphniphyllaceae","Muell.Arg.","family","APG_IV"
208,"3.3.1","zoochorous",1,"10327","Grossulariaceae","DC.","family","APG_IV"
208,"3.3.2",NA,0.5,"10327","Grossulariaceae","DC.","family","APG_IV"
208,"3.6.1","biotic",1,"10327","Grossulariaceae","DC.","family","APG_IV"
210,"3.3.1","anemochorous",1,"10327","Crassulaceae","J.St.-Hil.","family","APG_IV"
210,"3.3.2","anemochorous",1,"10327","Crassulaceae","J.St.-Hil.","family","APG_IV"
210,"3.6.1","biotic",1,"10327","Crassulaceae","J.St.-Hil.","family","APG_IV"
211,"3.3.1","anemochorous",1,"10327","Aphanopetalaceae","Doweld","family","APG_IV"
211,"3.3.2","anemochorous",1,"10327","Aphanopetalaceae","Doweld","family","APG_IV"
212,"3.3.1","anemochorous",1,"10327","Tetracarpaeaceae","Nakai","family","APG_IV"
212,"3.3.2","anemochorous",1,"10327","Tetracarpaeaceae","Nakai","family","APG_IV"
213,"3.3.1","anemochorous",1,"10327","Penthoraceae","Rydb. ex Britton","family","APG_IV"
213,"3.3.2","anemochorous",1,"10327","Penthoraceae","Rydb. ex Britton","family","APG_IV"
216,"3.3.1","zoochorous",1,"10327","Vitaceae","Juss.","family","APG_IV"
216,"3.3.2","endozoochorous",1,"10327","Vitaceae","Juss.","family","APG_IV"
217,"3.3.1","zoochorous",1,"10327","Krameriaceae","Dumort.","family","APG_IV"
217,"3.3.2","epizoochorous",1,"10327","Krameriaceae","Dumort.","family","APG_IV"
217,"3.6.1","biotic",1,"10327","Krameriaceae","Dumort.","family","APG_IV"
218,"3.6.1","biotic",1,"10327","Zygophyllaceae","R.Br.","family","APG_IV"
219,"3.3.1","anemochorous",1,"10327","Quillajaceae","D.Don","family","APG_IV"
219,"3.3.2","anemochorous",1,"10327","Quillajaceae","D.Don","family","APG_IV"
219,"3.6.1","biotic",1,"10327","Quillajaceae","D.Don","family","APG_IV"
221,"3.6.1","abiotic",1,"10327","Surianaceae","Arn.","family","APG_IV"
222,"3.6.1","biotic",1,"10327","Polygalaceae","Hoffmanns. & Link","family","APG_IV"
224,"3.3.1","anemochorous",1,"10327","Barbeyaceae","Rendle","family","APG_IV"
224,"3.3.2","anemochorous",1,"10327","Barbeyaceae","Rendle","family","APG_IV"
224,"3.6.1","abiotic",1,"10327","Barbeyaceae","Rendle","family","APG_IV"
225,"3.6.1","biotic",1,"10327","Dirachmaceae","Hutch.","family","APG_IV"
226,"3.3.1","zoochorous",1,"10327","Elaeagnaceae","Juss.","family","APG_IV"
226,"3.3.2","endozoochorous",1,"10327","Elaeagnaceae","Juss.","family","APG_IV"
227,"3.6.1","biotic",1,"10327","Rhamnaceae","Juss.","family","APG_IV"
229,"3.6.1","abiotic",1,"10327","Cannabaceae","Martinov","family","APG_IV"
232,"3.6.1","abiotic",1,"10327","Nothofagaceae","Kuprian.","family","APG_IV"
234,"3.6.1","abiotic",1,"10327","Myricaceae","Rich. ex Kunth","family","APG_IV"
236,"3.3.1","anemochorous",1,"10327","Casuarinaceae","R.Br.","family","APG_IV"
236,"3.3.2","anemochorous",1,"10327","Casuarinaceae","R.Br.","family","APG_IV"
236,"3.6.1","abiotic",1,"10327","Casuarinaceae","R.Br.","family","APG_IV"
237,"3.3.1","zoochorous",1,"10327","Ticodendraceae","Gomez-Laur. & L.D.Gomez","family","APG_IV"
237,"3.3.2","endozoochorous",1,"10327","Ticodendraceae","Gomez-Laur. & L.D.Gomez","family","APG_IV"
237,"3.6.1","abiotic",1,"10327","Ticodendraceae","Gomez-Laur. & L.D.Gomez","family","APG_IV"
238,"3.6.1","abiotic",1,"10327","Betulaceae","Gray","family","APG_IV"
239,"3.3.1","zoochorous",1,"10327","Apodanthaceae","Tiegh. ex Takht.","family","APG_IV"
239,"3.3.2","endozoochorous",1,"10327","Apodanthaceae","Tiegh. ex Takht.","family","APG_IV"
239,"3.6.1","biotic",1,"10327","Apodanthaceae","Tiegh. ex Takht.","family","APG_IV"
241,"3.3.1","zoochorous",1,"10327","Corynocarpaceae","Engl.","family","APG_IV"
241,"3.3.2","endozoochorous",1,"10327","Corynocarpaceae","Engl.","family","APG_IV"
242,"3.3.1","zoochorous",1,"10327","Coriariaceae","DC.","family","APG_IV"
242,"3.3.2","endozoochorous",1,"10327","Coriariaceae","DC.","family","APG_IV"
242,"3.6.1","abiotic",1,"10327","Coriariaceae","DC.","family","APG_IV"
243,"3.6.1","biotic",1,"10327","Cucurbitaceae","Juss.","family","APG_IV"
245,"3.3.1","anemochorous",1,"10327","Datiscaceae","Dumort.","family","APG_IV"
245,"3.3.2","anemochorous",1,"10327","Datiscaceae","Dumort.","family","APG_IV"
245,"3.6.1","biotic",1,"10327","Datiscaceae","Dumort.","family","APG_IV"
248,"3.6.1","biotic",1,"10327","Celastraceae","R.Br.","family","APG_IV"
250,"3.6.1","biotic",1,"10327","Connaraceae","R.Br.","family","APG_IV"
251,"3.6.1","biotic",1,"10327","Oxalidaceae","R.Br.","family","APG_IV"
253,"3.6.1","biotic",1,"10327","Elaeocarpaceae","Juss.","family","APG_IV"
254,"3.6.1","biotic",1,"10327","Cephalotaceae","Dumort.","family","APG_IV"
256,"3.3.1","zoochorous",1,"10327","Pandaceae","Engl. & Gilg","family","APG_IV"
256,"3.3.2","endozoochorous",1,"10327","Pandaceae","Engl. & Gilg","family","APG_IV"
259,"3.6.1","biotic",1,"10327","Rhizophoraceae","Pers.","family","APG_IV"
263,"3.6.1","biotic",1,"10327","Clusiaceae","Lindl.","family","APG_IV"
264,"3.6.1","biotic",1,"10327","Calophyllaceae","J.Agardh","family","APG_IV"
266,"3.6.1","biotic",1,"10327","Hypericaceae","Juss.","family","APG_IV"
267,"3.6.1","biotic",1,"10327","Caryocaraceae","Voigt","family","APG_IV"
268,"3.3.1","anemochorous",1,"10327","Lophopyxidaceae","H.Pfeiff.","family","APG_IV"
268,"3.3.2","anemochorous",1,"10327","Lophopyxidaceae","H.Pfeiff.","family","APG_IV"
268,"3.6.1","biotic",1,"10327","Lophopyxidaceae","H.Pfeiff.","family","APG_IV"
269,"3.3.1","zoochorous",1,"10327","Putranjivaceae","Meisn.","family","APG_IV"
269,"3.3.2","endozoochorous",1,"10327","Putranjivaceae","Meisn.","family","APG_IV"
272,"3.6.1","biotic",1,"10327","Malpighiaceae","Juss.","family","APG_IV"
273,"3.3.1","zoochorous",1,"10327","Balanopaceae","Benth. & Hook.f.","family","APG_IV"
273,"3.3.2","endozoochorous",1,"10327","Balanopaceae","Benth. & Hook.f.","family","APG_IV"
274,"3.6.1","biotic",1,"10327","Trigoniaceae","A.Juss.","family","APG_IV"
276,"3.3.1","anemochorous",1,"10327","Euphroniaceae","Marc.-Berti","family","APG_IV"
276,"3.3.2","anemochorous",1,"10327","Euphroniaceae","Marc.-Berti","family","APG_IV"
277,"3.3.1","zoochorous",1,"10327","Chrysobalanaceae","R.Br.","family","APG_IV"
277,"3.3.2","endozoochorous",1,"10327","Chrysobalanaceae","R.Br.","family","APG_IV"
280,"3.6.1","biotic",1,"10327","Violaceae","Batsch","family","APG_IV"
281,"3.3.1","zoochorous",1,"10327","Goupiaceae","Miers","family","APG_IV"
281,"3.3.2","endozoochorous",1,"10327","Goupiaceae","Miers","family","APG_IV"
282,"3.6.1","biotic",1,"10327","Passifloraceae","Juss. ex Roussel","family","APG_IV"
286,"3.3.1","zoochorous",1,"10327","Rafflesiaceae","Dumort.","family","APG_IV"
286,"3.3.2","endozoochorous",1,"10327","Rafflesiaceae","Dumort.","family","APG_IV"
286,"3.6.1","biotic",1,"10327","Rafflesiaceae","Dumort.","family","APG_IV"
287,"3.6.1","biotic",1,"10327","Euphorbiaceae","Juss.","family","APG_IV"
291,"3.6.1","biotic",1,"10327","Phyllanthaceae","Martinov","family","APG_IV"
292,"3.6.1","biotic",1,"10327","Geraniaceae","Juss.","family","APG_IV"
294,"3.6.1","biotic",1,"10327","Combretaceae","R.Br.","family","APG_IV"
295,"3.6.1","biotic",1,"10327","Lythraceae","J.St.-Hil.","family","APG_IV"
297,"3.6.1","biotic",1,"10327","Vochysiaceae","A.St.-Hil.","family","APG_IV"
298,"3.6.1","biotic",1,"10327","Myrtaceae","Juss.","family","APG_IV"
299,"3.6.1","biotic",1,"10327","Melastomataceae","Juss.","family","APG_IV"
301,"3.3.1","anemochorous",1,"10327","Alzateaceae","S.A.Graham","family","APG_IV"
301,"3.3.2","anemochorous",1,"10327","Alzateaceae","S.A.Graham","family","APG_IV"
302,"3.6.1","biotic",1,"10327","Penaeaceae","Sweet ex Guill.","family","APG_IV"
303,"3.3.1","zoochorous",1,"10327","Aphloiaceae","Takht.","family","APG_IV"
303,"3.3.2","endozoochorous",1,"10327","Aphloiaceae","Takht.","family","APG_IV"
305,"3.6.1","biotic",1,"10327","Strasburgeriaceae","Tiegh.","family","APG_IV"
306,"3.6.1","biotic",1,"10327","Staphyleaceae","Martinov","family","APG_IV"
308,"3.3.1","zoochorous",1,"10327","Stachyuraceae","J.Agardh","family","APG_IV"
308,"3.3.2","endozoochorous",1,"10327","Stachyuraceae","J.Agardh","family","APG_IV"
308,"3.6.1","biotic",1,"10327","Stachyuraceae","J.Agardh","family","APG_IV"
310,"3.6.1","abiotic",1,"10327","Picramniaceae","Fernando & Quinn","family","APG_IV"
311,"3.6.1","biotic",1,"10327","Gerrardinaceae","M.H.Alford","family","APG_IV"
312,"3.3.1","zoochorous",1,"10327","Petenaeaceae","Christenh. et al.","family","APG_IV"
312,"3.3.2","endozoochorous",1,"10327","Petenaeaceae","Christenh. et al.","family","APG_IV"
314,"3.3.1","zoochorous",1,"10327","Dipentodontaceae","Merr.","family","APG_IV"
314,"3.3.2","endozoochorous",1,"10327","Dipentodontaceae","Merr.","family","APG_IV"
317,"3.3.1","anemochorous",1,"10327","Kirkiaceae","Takht.","family","APG_IV"
317,"3.3.2","anemochorous",1,"10327","Kirkiaceae","Takht.","family","APG_IV"
317,"3.6.1","abiotic",1,"10327","Kirkiaceae","Takht.","family","APG_IV"
318,"3.6.1","biotic",1,"10327","Burseraceae","Kunth","family","APG_IV"
321,"3.6.1","biotic",1,"10327","Rutaceae","Juss.","family","APG_IV"
323,"3.6.1","biotic",1,"10327","Meliaceae","Juss.","family","APG_IV"
324,"3.3.1","zoochorous",1,"10327","Cytinaceae","A.Rich.","family","APG_IV"
324,"3.3.2","endozoochorous",1,"10327","Cytinaceae","A.Rich.","family","APG_IV"
324,"3.6.1","biotic",1,"10327","Cytinaceae","A.Rich.","family","APG_IV"
325,"3.3.1","zoochorous",1,"10327","Muntingiaceae","C.Bayer et al.","family","APG_IV"
325,"3.3.2","endozoochorous",1,"10327","Muntingiaceae","C.Bayer et al.","family","APG_IV"
325,"3.6.1","biotic",1,"10327","Muntingiaceae","C.Bayer et al.","family","APG_IV"
326,"3.3.1","hydrochorous",1,"10327","Neuradaceae","Kostel.","family","APG_IV"
326,"3.3.2","hydrochorous",1,"10327","Neuradaceae","Kostel.","family","APG_IV"
328,"3.3.1","zoochorous",1,"10327","Sphaerosepalaceae","Bullock","family","APG_IV"
328,"3.3.2","epizoochorous",1,"10327","Sphaerosepalaceae","Bullock","family","APG_IV"
330,"3.6.1","biotic",1,"10327","Bixaceae","Kunth","family","APG_IV"
331,"3.6.1","biotic",1,"10327","Cistaceae","Juss.","family","APG_IV"
332,"3.6.1","biotic",1,"10327","Sarcolaenaceae","Caruel","family","APG_IV"
333,"3.6.1","biotic",1,"10327","Dipterocarpaceae","Blume","family","APG_IV"
335,"3.6.1","biotic",1,"10327","Tropaeolaceae","Juss. ex DC.","family","APG_IV"
336,"3.6.1","biotic",1,"10327","Moringaceae","Martinov","family","APG_IV"
337,"3.6.1","biotic",1,"10327","Caricaceae","Dumort.","family","APG_IV"
338,"3.6.1","biotic",1,"10327","Limnanthaceae","R.Br.","family","APG_IV"
339,"3.3.1","anemochorous",1,"10327","Setchellanthaceae","Iltis","family","APG_IV"
339,"3.3.2","anemochorous",1,"10327","Setchellanthaceae","Iltis","family","APG_IV"
340,"3.3.1","zoochorous",1,"10327","Koeberliniaceae","Engl.","family","APG_IV"
340,"3.3.2","endozoochorous",1,"10327","Koeberliniaceae","Engl.","family","APG_IV"
341,"3.3.1","hydrochorous",1,"10327","Bataceae","Mart. ex Perleb","family","APG_IV"
341,"3.3.2","hydrochorous",1,"10327","Bataceae","Mart. ex Perleb","family","APG_IV"
341,"3.6.1","abiotic",1,"10327","Bataceae","Mart. ex Perleb","family","APG_IV"
342,"3.3.1","zoochorous",1,"10327","Salvadoraceae","Lindl.","family","APG_IV"
342,"3.3.2","endozoochorous",1,"10327","Salvadoraceae","Lindl.","family","APG_IV"
343,"3.3.1","anemochorous",1,"10327","Emblingiaceae","Airy Shaw","family","APG_IV"
343,"3.3.2","anemochorous",1,"10327","Emblingiaceae","Airy Shaw","family","APG_IV"
344,"3.3.1","zoochorous",1,"10327","Tovariaceae","Pax","family","APG_IV"
344,"3.3.2","endozoochorous",1,"10327","Tovariaceae","Pax","family","APG_IV"
345,"3.3.1","zoochorous",1,"10327","Pentadiplandraceae","Hutch. & Dalziel","family","APG_IV"
345,"3.3.2","endozoochorous",1,"10327","Pentadiplandraceae","Hutch. & Dalziel","family","APG_IV"
346,"3.6.1","abiotic",1,"10327","Gyrostemonaceae","A.Juss.","family","APG_IV"
347,"3.6.1","biotic",1,"10327","Resedaceae","Martinov","family","APG_IV"
348,"3.6.1","biotic",1,"10327","Capparaceae","Juss.","family","APG_IV"
352,"3.3.1","zoochorous",1,"10327","Berberidopsidaceae","Takht.","family","APG_IV"
352,"3.3.2","endozoochorous",1,"10327","Berberidopsidaceae","Takht.","family","APG_IV"
354,"3.3.1","zoochorous",1,"10327","Opiliaceae","Valeton","family","APG_IV"
354,"3.3.2","endozoochorous",1,"10327","Opiliaceae","Valeton","family","APG_IV"
356,"3.3.1","zoochorous",1,"10327","Santalaceae","R.Br.","family","APG_IV"
356,"3.3.2","endozoochorous",1,"10327","Santalaceae","R.Br.","family","APG_IV"
357,"3.3.1","anemochorous",1,"10327","Misodendraceae","J.Agardh","family","APG_IV"
357,"3.3.2","anemochorous",1,"10327","Misodendraceae","J.Agardh","family","APG_IV"
358,"3.3.1","zoochorous",1,"10327","Schoepfiaceae","Blume","family","APG_IV"
358,"3.3.2","endozoochorous",1,"10327","Schoepfiaceae","Blume","family","APG_IV"
359,"3.3.1","zoochorous",1,"10327","Loranthaceae","Juss.","family","APG_IV"
359,"3.3.2","epizoochorous",1,"10327","Loranthaceae","Juss.","family","APG_IV"
359,"3.6.1","biotic",1,"10327","Loranthaceae","Juss.","family","APG_IV"
360,"3.3.1","zoochorous",1,"10327","Frankeniaceae","Desv.","family","APG_IV"
360,"3.3.2","epizoochorous",1,"10327","Frankeniaceae","Desv.","family","APG_IV"
360,"3.6.1","biotic",1,"10327","Frankeniaceae","Desv.","family","APG_IV"
362,"3.6.1","biotic",1,"10327","Plumbaginaceae","Juss.","family","APG_IV"
364,"3.6.1","biotic",1,"10327","Droseraceae","Salisb.","family","APG_IV"
365,"3.6.1","biotic",1,"10327","Nepenthaceae","Dumort","family","APG_IV"
366,"3.6.1","biotic",1,"10327","Drosophyllaceae","Chrtek et al .","family","APG_IV"
367,"3.3.1","anemochorous",1,"10327","Dioncophyllaceae","Airy Shaw","family","APG_IV"
367,"3.3.2","anemochorous",1,"10327","Dioncophyllaceae","Airy Shaw","family","APG_IV"
367,"3.6.1","biotic",1,"10327","Dioncophyllaceae","Airy Shaw","family","APG_IV"
368,"3.3.2",NA,0.5,"10327","Ancistrocladaceae","Planch. ex Walp.","family","APG_IV"
368,"3.6.1","biotic",1,"10327","Ancistrocladaceae","Planch. ex Walp.","family","APG_IV"
369,"3.6.1","biotic",1,"10327","Rhabdodendraceae","Prance","family","APG_IV"
371,"3.6.1","abiotic",1,"10327","Physenaceae","Takht.","family","APG_IV"
372,"3.3.1","anemochorous",1,"10327","Asteropeiaceae","Takht. ex Reveal & Hoogland","family","APG_IV"
372,"3.3.2","anemochorous",1,"10327","Asteropeiaceae","Takht. ex Reveal & Hoogland","family","APG_IV"
375,"3.6.1","biotic",1,"10327","Caryophyllaceae","Juss.","family","APG_IV"
376,"3.3.1","zoochorous",1,"10327","Achatocarpaceae","Heimerl","family","APG_IV"
376,"3.3.2","endozoochorous",1,"10327","Achatocarpaceae","Heimerl","family","APG_IV"
379,"3.3.1","anemochorous",1,"10327","Limeaceae","Shipunov ex Reveal","family","APG_IV"
379,"3.3.2","anemochorous",1,"10327","Limeaceae","Shipunov ex Reveal","family","APG_IV"
387,"3.3.1","zoochorous",1,"10327","Sarcobataceae","Behnke","family","APG_IV"
387,"3.3.2","endozoochorous",1,"10327","Sarcobataceae","Behnke","family","APG_IV"
388,"3.6.1","biotic",1,"10327","Nyctaginaceae","Juss.","family","APG_IV"
390,"3.6.1","biotic",1,"10327","Montiaceae","Raf.","family","APG_IV"
391,"3.3.1","anemochorous",1,"10327","Didiereaceae","Radlk.","family","APG_IV"
391,"3.3.2","anemochorous",1,"10327","Didiereaceae","Radlk.","family","APG_IV"
391,"3.6.1","biotic",1,"10327","Didiereaceae","Radlk.","family","APG_IV"
392,"3.6.1","biotic",1,"10327","Basellaceae","Raf.","family","APG_IV"
393,"3.6.1","abiotic",1,"10327","Halophytaceae","S.Soriano","family","APG_IV"
395,"3.6.1","biotic",1,"10327","Portulacaceae","Juss.","family","APG_IV"
397,"3.6.1","biotic",1,"10327","Cactaceae","Juss.","family","APG_IV"
399,"3.3.1","zoochorous",1,"10327","Hydrostachyaceae","Engl.","family","APG_IV"
399,"3.3.2","epizoochorous",1,"10327","Hydrostachyaceae","Engl.","family","APG_IV"
399,"3.6.1","abiotic",1,"10327","Hydrostachyaceae","Engl.","family","APG_IV"
400,"3.6.1","biotic",1,"10327","Hydrangeaceae","Dumort.","family","APG_IV"
401,"3.6.1","biotic",1,"10327","Loasaceae","Juss.","family","APG_IV"
402,"3.3.1","zoochorous",1,"10327","Curtisiaceae","Takht.","family","APG_IV"
402,"3.3.2","endozoochorous",1,"10327","Curtisiaceae","Takht.","family","APG_IV"
403,"3.3.1","zoochorous",1,"10327","Grubbiaceae","Endl. ex Meisn.","family","APG_IV"
403,"3.3.2","endozoochorous",1,"10327","Grubbiaceae","Endl. ex Meisn.","family","APG_IV"
404,"3.3.1","zoochorous",1,"10327","Cornaceae","Bercht. & J.Presl","family","APG_IV"
404,"3.3.2","endozoochorous",1,"10327","Cornaceae","Bercht. & J.Presl","family","APG_IV"
404,"3.6.1","biotic",1,"10327","Cornaceae","Bercht. & J.Presl","family","APG_IV"
405,"3.6.1","biotic",1,"10327","Balsaminaceae","A.Rich.","family","APG_IV"
406,"3.3.1","zoochorous",1,"10327","Marcgraviaceae","Bercht. & J.Presl","family","APG_IV"
406,"3.3.2","endozoochorous",1,"10327","Marcgraviaceae","Bercht. & J.Presl","family","APG_IV"
406,"3.6.1","biotic",1,"10327","Marcgraviaceae","Bercht. & J.Presl","family","APG_IV"
408,"3.3.1","anemochorous",1,"10327","Fouquieriaceae","DC.","family","APG_IV"
408,"3.3.2","anemochorous",1,"10327","Fouquieriaceae","DC.","family","APG_IV"
408,"3.6.1","biotic",1,"10327","Fouquieriaceae","DC.","family","APG_IV"
409,"3.6.1","biotic",1,"10327","Polemoniaceae","Juss.","family","APG_IV"
410,"3.6.1","biotic",1,"10327","Lecythidaceae","A.Rich.","family","APG_IV"
411,"3.6.1","biotic",1,"10327","Sladeniaceae","Airy Shaw","family","APG_IV"
412,"3.6.1","biotic",1,"10327","Pentaphylacaceae","Engl.","family","APG_IV"
413,"3.3.1","zoochorous",1,"10327","Sapotaceae","Juss.","family","APG_IV"
413,"3.3.2","endozoochorous",1,"10327","Sapotaceae","Juss.","family","APG_IV"
413,"3.6.1","biotic",1,"10327","Sapotaceae","Juss.","family","APG_IV"
414,"3.6.1","biotic",1,"10327","Ebenaceae","G","family","APG_IV"
416,"3.6.1","biotic",1,"10327","Theaceae","Mirb.","family","APG_IV"
417,"3.6.1","biotic",1,"10327","Symplocaceae","Desf.","family","APG_IV"
418,"3.6.1","biotic",1,"10327","Diapensiaceae","Lindl.","family","APG_IV"
419,"3.6.1","biotic",1,"10327","Styracaceae","DC. & Spreng.","family","APG_IV"
420,"3.6.1","biotic",1,"10327","Sarraceniaceae","Dumort.","family","APG_IV"
421,"3.3.1","zoochorous",1,"10327","Roridulaceae","Martinov","family","APG_IV"
421,"3.3.2","epizoochorous",1,"10327","Roridulaceae","Martinov","family","APG_IV"
421,"3.6.1","biotic",1,"10327","Roridulaceae","Martinov","family","APG_IV"
422,"3.3.1","zoochorous",1,"10327","Actinidiaceae","Gilg & Werderm.","family","APG_IV"
422,"3.3.2","endozoochorous",1,"10327","Actinidiaceae","Gilg & Werderm.","family","APG_IV"
424,"3.6.1","biotic",1,"10327","Cyrillaceae","Lindl.","family","APG_IV"
426,"3.6.1","biotic",1,"10327","Mitrastemonaceae","Makino","family","APG_IV"
427,"3.3.1","zoochorous",1,"10327","Oncothecaceae","Kobuski ex Airy Shaw","family","APG_IV"
427,"3.3.2","endozoochorous",1,"10327","Oncothecaceae","Kobuski ex Airy Shaw","family","APG_IV"
428,"3.3.1","zoochorous",1,"10327","Icacinaceae","Miers","family","APG_IV"
428,"3.3.2","endozoochorous",1,"10327","Icacinaceae","Miers","family","APG_IV"
429,"3.3.1","zoochorous",1,"10327","Metteniusaceae","H.Karst. ex Schnizl.","family","APG_IV"
429,"3.3.2","endozoochorous",1,"10327","Metteniusaceae","H.Karst. ex Schnizl.","family","APG_IV"
430,"3.3.1","anemochorous",1,"10327","Eucommiaceae","Engl.","family","APG_IV"
430,"3.3.2","anemochorous",1,"10327","Eucommiaceae","Engl.","family","APG_IV"
430,"3.6.1","abiotic",1,"10327","Eucommiaceae","Engl.","family","APG_IV"
431,"3.6.1","abiotic",1,"10327","Garryaceae","Lindl.","family","APG_IV"
433,"3.6.1","biotic",1,"10327","Gentianaceae","Juss.","family","APG_IV"
434,"3.6.1","biotic",1,"10327","Loganiaceae","R.Br. ex Mart.","family","APG_IV"
436,"3.6.1","biotic",1,"10327","Apocynaceae","Juss.","family","APG_IV"
437,"3.6.1","biotic",1,"10327","Boraginaceae","Juss.","family","APG_IV"
440,"3.6.1","biotic",1,"10327","Solanaceae","Juss.","family","APG_IV"
444,"3.6.1","biotic",1,"10327","Plocospermataceae","Hutch.","family","APG_IV"
445,"3.6.1","biotic",1,"10327","Carlemanniaceae","Airy Shaw","family","APG_IV"
447,"3.6.1","biotic",1,"10327","Tetrachondraceae","Wettst.","family","APG_IV"
448,"3.6.1","biotic",1,"10327","Calceolariaceae","Olmstead","family","APG_IV"
449,"3.6.1","biotic",1,"10327","Gesneriaceae","Rich. & Juss.","family","APG_IV"
451,"3.6.1","biotic",1,"10327","Scrophulariaceae","Juss.","family","APG_IV"
452,"3.6.1","biotic",1,"10327","Stilbaceae","Kunth","family","APG_IV"
453,"3.6.1","biotic",1,"10327","Linderniaceae","Borsch et al .","family","APG_IV"
454,"3.6.1","biotic",1,"10327","Byblidaceae","Domin","family","APG_IV"
455,"3.6.1","biotic",1,"10327","Martyniaceae","Horan.","family","APG_IV"
456,"3.6.1","biotic",1,"10327","Pedaliaceae","R.Br.","family","APG_IV"
457,"3.6.1","biotic",1,"10327","Acanthaceae","Juss.","family","APG_IV"
458,"3.6.1","biotic",1,"10327","Bignoniaceae","Juss.","family","APG_IV"
459,"3.6.1","biotic",1,"10327","Lentibulariaceae","Rich.","family","APG_IV"
460,"3.3.1","zoochorous",1,"10327","Schlegeliaceae","Reveal","family","APG_IV"
460,"3.3.2","endozoochorous",1,"10327","Schlegeliaceae","Reveal","family","APG_IV"
462,"3.6.1","biotic",1,"10327","Verbenaceae","J.St.Hil.","family","APG_IV"
463,"3.6.1","biotic",1,"10327","Lamiaceae","Martinov","family","APG_IV"
465,"3.6.1","biotic",1,"10327","Phrymaceae","Schauer","family","APG_IV"
466,"3.3.1","anemochorous",1,"10327","Paulowniaceae","Nakai","family","APG_IV"
466,"3.3.2","anemochorous",1,"10327","Paulowniaceae","Nakai","family","APG_IV"
467,"3.6.1","biotic",1,"10327","Orobanchaceae","Vent.","family","APG_IV"
468,"3.3.1","zoochorous",1,"10327","Stemonuraceae","Karehed","family","APG_IV"
468,"3.3.2","endozoochorous",1,"10327","Stemonuraceae","Karehed","family","APG_IV"
470,"3.3.1","zoochorous",1,"10327","Phyllonomaceae","Small","family","APG_IV"
470,"3.3.2",NA,0.5,"10327","Phyllonomaceae","Small","family","APG_IV"
471,"3.3.1","zoochorous",1,"10327","Helwingiaceae","Decne.","family","APG_IV"
471,"3.3.2","endozoochorous",1,"10327","Helwingiaceae","Decne.","family","APG_IV"
472,"3.3.1","zoochorous",1,"10327","Aquifoliaceae","Bercht. & J.Presl","family","APG_IV"
472,"3.3.2","endozoochorous",1,"10327","Aquifoliaceae","Bercht. & J.Presl","family","APG_IV"
472,"3.6.1","biotic",1,"10327","Aquifoliaceae","Bercht. & J.Presl","family","APG_IV"
473,"3.6.1","biotic",1,"10327","Rousseaceae","DC.","family","APG_IV"
474,"3.6.1","biotic",1,"10327","Campanulaceae","Juss.","family","APG_IV"
475,"3.3.1","zoochorous",1,"10327","Pentaphragmataceae","J.Agardh","family","APG_IV"
475,"3.3.2","endozoochorous",1,"10327","Pentaphragmataceae","J.Agardh","family","APG_IV"
475,"3.6.1","biotic",1,"10327","Pentaphragmataceae","J.Agardh","family","APG_IV"
476,"3.6.1","biotic",1,"10327","Stylidiaceae","R.Br.","family","APG_IV"
477,"3.3.1","zoochorous",1,"10327","Alseuosmiaceae","Airy Shaw","family","APG_IV"
477,"3.3.2","endozoochorous",1,"10327","Alseuosmiaceae","Airy Shaw","family","APG_IV"
477,"3.6.1","biotic",1,"10327","Alseuosmiaceae","Airy Shaw","family","APG_IV"
478,"3.3.1","zoochorous",1,"10327","Phellinaceae","Takht.","family","APG_IV"
478,"3.3.2","endozoochorous",1,"10327","Phellinaceae","Takht.","family","APG_IV"
479,"3.6.1","biotic",1,"10327","Argophyllaceae","Takht.","family","APG_IV"
480,"3.6.1","biotic",1,"10327","Menyanthaceae","Dumort.","family","APG_IV"
481,"3.6.1","biotic",1,"10327","Goodeniaceae","R.Br.","family","APG_IV"
482,"3.6.1","biotic",1,"10327","Calyceraceae","R.Br. ex Rich.","family","APG_IV"
488,"3.6.1","biotic",1,"10327","Adoxaceae","E.Mey.","family","APG_IV"
489,"3.6.1","biotic",1,"10327","Caprifoliaceae","Juss.","family","APG_IV"
491,"3.3.1","zoochorous",1,"10327","Torricelliaceae","Hu","family","APG_IV"
491,"3.3.2","endozoochorous",1,"10327","Torricelliaceae","Hu","family","APG_IV"
492,"3.3.1","zoochorous",1,"10327","Griseliniaceae","Takht.","family","APG_IV"
492,"3.3.2","endozoochorous",1,"10327","Griseliniaceae","Takht.","family","APG_IV"
495,"3.3.1","anemochorous",1,"10327","Myodocarpaceae","Doweld","family","APG_IV"
495,"3.3.2","anemochorous",1,"10327","Myodocarpaceae","Doweld","family","APG_IV"
496,"3.6.1","biotic",1,"10327","Apiaceae","Lindl.","family","APG_IV"
